id_cuatri,nombre,categoria,tiempo,promedio
51,Falito,MX1,11,6.000000
52,Hyacinthia,MX1,22,10.000000
54,Gayler,MX1,15,8.000000
57,Kania,MX1,10,6.000000
60,Sylvan,MX1,20,0.000000
75,Blayne,MX1,15,8.000000
76,Becki,MX1,16,8.000000
77,Zorine,MX1,19,8.000000
78,Fern,MX1,21,10.000000
88,Spenser,MX1,16,8.000000
92,Keri,MX1,12,6.000000
98,Sancho,MX1,16,8.000000
100,Violet,MX1,16,8.000000
